No,섹션No,문항No,문항,보기No,보기
1,S1,Q1,A1. 학년 구분,1,1. 재학생 (~고3)
2,S1,Q1,A1. 학년 구분,2,2.  재수생
3,S1,Q1,A1. 학년 구분,3,3. 삼수이상
4,S1,Q1,A1. 학년 구분,4,4. 검정고시
5,S1,Q2,A2. 입학시기,1,1. 11월~1월
6,S1,Q2,A2. 입학시기,2,2. 2월~4월
7,S1,Q2,A2. 입학시기,3,3. 5월~7월
8,S1,Q2,A2. 입학시기,4,4. 8월~9월
9,S1,Q3,A3. 자기주도학습(독학) 중심의 학습환경을 선택한 이유는 무엇인가요?,1,1. 인터넷강의 중심으로 학습하기 위해
10,S1,Q3,A3. 자기주도학습(독학) 중심의 학습환경을 선택한 이유는 무엇인가요?,2,2. 부족한 과목을 집중적으로 선택 학습하기 위해
11,S1,Q3,A3. 자기주도학습(독학) 중심의 학습환경을 선택한 이유는 무엇인가요?,3,3. 자유로운 시간 관리를 위해
12,S1,Q3,A3. 자기주도학습(독학) 중심의 학습환경을 선택한 이유는 무엇인가요?,4,4. 자기주도학습(순공) 시간을 늘리기 위해
13,S1,Q3,A3. 자기주도학습(독학) 중심의 학습환경을 선택한 이유는 무엇인가요?,5,5. 재수종합학원의 학습 커리큘럼이 비효율적이라고 생각해서
14,S1,Q3,A3. 자기주도학습(독학) 중심의 학습환경을 선택한 이유는 무엇인가요?,6,6. 기타
15,S1,Q4,A4. 이투스247학원을 선택하게 된 이유는 무엇인가요?,1,"1. 담임 선생님의 상담(학습, 성적, 정서, 입시 등)"
16,S1,Q4,A4. 이투스247학원을 선택하게 된 이유는 무엇인가요?,2,"2. 학습관리(플래너 관리, 인강 추천 및 수강 관리)"
17,S1,Q4,A4. 이투스247학원을 선택하게 된 이유는 무엇인가요?,3,"3. 생활관리 (출결 및 전자기기의 관리, 면학분위기 관리)"
18,S1,Q4,A4. 이투스247학원을 선택하게 된 이유는 무엇인가요?,4,"4. 입시관리 (모집요강 분석 및 입시 결과 자료 제공, 수시/정시 컨설팅)"
19,S1,Q4,A4. 이투스247학원을 선택하게 된 이유는 무엇인가요?,5,"5. 학습공간 및 시설(자기주도학습관, 리프레시룸, 렉처룸 등)"
20,S1,Q4,A4. 이투스247학원을 선택하게 된 이유는 무엇인가요?,6,6. 집과의 거리가 가까워서
21,S1,Q4,A4. 이투스247학원을 선택하게 된 이유는 무엇인가요?,7,7. 기타
22,S1,Q5,"A5. 이투스247학원 등록 전, 공부한 곳은 어디인가요?",1,1. 잇올
23,S1,Q5,"A5. 이투스247학원 등록 전, 공부한 곳은 어디인가요?",2,2. 러셀
24,S1,Q5,"A5. 이투스247학원 등록 전, 공부한 곳은 어디인가요?",3,"3. 독학재수학원(수만휘스파르타, 커넥츠프렙, PK독학재수학원 등)"
25,S1,Q5,"A5. 이투스247학원 등록 전, 공부한 곳은 어디인가요?",4,"4. 독학기숙학원(수만휘 독학기숙학원, 에듀셀파, SN독학기숙학원 등)"
26,S1,Q5,"A5. 이투스247학원 등록 전, 공부한 곳은 어디인가요?",5,"5. 재수종합학원(청솔, 강남하이퍼, 메가스터디, 대성, 시대인재 등)"
27,S1,Q5,"A5. 이투스247학원 등록 전, 공부한 곳은 어디인가요?",6,"6. 재종기숙학원(강남대성 기숙학원, 메가스터디 기숙학원, 비상에듀 기숙학원 등)"
28,S1,Q5,"A5. 이투스247학원 등록 전, 공부한 곳은 어디인가요?",7,7. 프리미엄 독서실(관리형 포함) & 스터디 카페
29,S1,Q5,"A5. 이투스247학원 등록 전, 공부한 곳은 어디인가요?",8,8. 없음
30,S1,Q5,"A5. 이투스247학원 등록 전, 공부한 곳은 어디인가요?",9,9. 기타
31,S1,Q6,"A5-1. 위 문항에서 7번을 선택하신 경우, 공부했던 독서실 또는 스터디카페는 어디인가요?",1,1. 르하임
32,S1,Q6,"A5-1. 위 문항에서 7번을 선택하신 경우, 공부했던 독서실 또는 스터디카페는 어디인가요?",2,2. 토즈
33,S1,Q6,"A5-1. 위 문항에서 7번을 선택하신 경우, 공부했던 독서실 또는 스터디카페는 어디인가요?",3,3. 초심
34,S1,Q6,"A5-1. 위 문항에서 7번을 선택하신 경우, 공부했던 독서실 또는 스터디카페는 어디인가요?",4,4. 멘토즈
35,S1,Q6,"A5-1. 위 문항에서 7번을 선택하신 경우, 공부했던 독서실 또는 스터디카페는 어디인가요?",5,5. 어라운드
36,S1,Q6,"A5-1. 위 문항에서 7번을 선택하신 경우, 공부했던 독서실 또는 스터디카페는 어디인가요?",6,6. 플랜에이
37,S1,Q6,"A5-1. 위 문항에서 7번을 선택하신 경우, 공부했던 독서실 또는 스터디카페는 어디인가요?",7,7. 작심
38,S1,Q6,"A5-1. 위 문항에서 7번을 선택하신 경우, 공부했던 독서실 또는 스터디카페는 어디인가요?",8,8. 기타
39,S1,Q7,"A6. 학원 선택 시, 고려했던 학원이나 독서실(스터디 카페)이 있다면 어디인가요?",1,1. 잇올
40,S1,Q7,"A6. 학원 선택 시, 고려했던 학원이나 독서실(스터디 카페)이 있다면 어디인가요?",2,2. 러셀
41,S1,Q7,"A6. 학원 선택 시, 고려했던 학원이나 독서실(스터디 카페)이 있다면 어디인가요?",3,"3. 독학재수학원(수만휘스파르타, 커넥츠프렙, PK독학재수학원 등)"
42,S1,Q7,"A6. 학원 선택 시, 고려했던 학원이나 독서실(스터디 카페)이 있다면 어디인가요?",4,"4. 독학기숙학원(수만휘 독학기숙학원, 에듀셀파, SN독학기숙학원 등)"
43,S1,Q7,"A6. 학원 선택 시, 고려했던 학원이나 독서실(스터디 카페)이 있다면 어디인가요?",5,"5. 재수종합학원(청솔, 강남하이퍼, 메가스터디, 대성, 시대인재 등)"
44,S1,Q7,"A6. 학원 선택 시, 고려했던 학원이나 독서실(스터디 카페)이 있다면 어디인가요?",6,"6. 재종기숙학원(강남대성 기숙학원, 메가스터디 기숙학원, 비상에듀 기숙학원 등)"
45,S1,Q7,"A6. 학원 선택 시, 고려했던 학원이나 독서실(스터디 카페)이 있다면 어디인가요?",7,7. 프리미엄 독서실(관리형 포함) & 스터디 카페
46,S1,Q7,"A6. 학원 선택 시, 고려했던 학원이나 독서실(스터디 카페)이 있다면 어디인가요?",8,8. 없음
47,S1,Q7,"A6. 학원 선택 시, 고려했던 학원이나 독서실(스터디 카페)이 있다면 어디인가요?",9,9. 기타
48,S1,Q8,"A6-1. 위 문항에서 7번을 선택하신 경우, 고려했던 독서실 또는 스터디카페는 어디인가요?",1,1. 르하임
49,S1,Q8,"A6-1. 위 문항에서 7번을 선택하신 경우, 고려했던 독서실 또는 스터디카페는 어디인가요?",2,2. 토즈
50,S1,Q8,"A6-1. 위 문항에서 7번을 선택하신 경우, 고려했던 독서실 또는 스터디카페는 어디인가요?",3,3. 초심
51,S1,Q8,"A6-1. 위 문항에서 7번을 선택하신 경우, 고려했던 독서실 또는 스터디카페는 어디인가요?",4,4. 멘토즈
52,S1,Q8,"A6-1. 위 문항에서 7번을 선택하신 경우, 고려했던 독서실 또는 스터디카페는 어디인가요?",5,5. 어라운드
53,S1,Q8,"A6-1. 위 문항에서 7번을 선택하신 경우, 고려했던 독서실 또는 스터디카페는 어디인가요?",6,6. 플랜에이
54,S1,Q8,"A6-1. 위 문항에서 7번을 선택하신 경우, 고려했던 독서실 또는 스터디카페는 어디인가요?",7,7. 작심
55,S1,Q8,"A6-1. 위 문항에서 7번을 선택하신 경우, 고려했던 독서실 또는 스터디카페는 어디인가요?",8,8. 기타
56,S1,Q9,A7. 이투스247학원을 어떻게 처음 인지하게 되었나요?,1,"1. 인터넷 검색 및 SNS(블로그, 인스타그램 등)"
57,S1,Q9,A7. 이투스247학원을 어떻게 처음 인지하게 되었나요?,2,"2. 입시, 공부 관련 유튜브 채널"
58,S1,Q9,A7. 이투스247학원을 어떻게 처음 인지하게 되었나요?,3,"3. 입시/학습 커뮤니티 (수만휘,  오르비 등)"
59,S1,Q9,A7. 이투스247학원을 어떻게 처음 인지하게 되었나요?,4,4. 가족 추천
60,S1,Q9,A7. 이투스247학원을 어떻게 처음 인지하게 되었나요?,5,"5. 지인(친구, 선배 등) 추천"
61,S1,Q9,A7. 이투스247학원을 어떻게 처음 인지하게 되었나요?,6,6. 집과 가까움 / 지나다니면서 봄
62,S1,Q9,A7. 이투스247학원을 어떻게 처음 인지하게 되었나요?,7,"7. 학원 광고물(전단지, 현수막, 배너 등)"
63,S1,Q9,A7. 이투스247학원을 어떻게 처음 인지하게 되었나요?,8,"8. 고등학교 재학 중 윈터,썸머스쿨에 다닌 경험이 있음"
64,S1,Q9,A7. 이투스247학원을 어떻게 처음 인지하게 되었나요?,9,9. 기타
65,S1,Q10,A8. 이투스247학원 관련 정보를 가장 많이 얻은 곳은 어디인가요?,1,1. 이투스247학원 홈페이지
66,S1,Q10,A8. 이투스247학원 관련 정보를 가장 많이 얻은 곳은 어디인가요?,2,"2. 이투스247학원 블로그 및 재원생 SNS(블로그, 인스타그램 등) 후기"
67,S1,Q10,A8. 이투스247학원 관련 정보를 가장 많이 얻은 곳은 어디인가요?,3,3. 이투스247학원 유튜브 채널
68,S1,Q10,A8. 이투스247학원 관련 정보를 가장 많이 얻은 곳은 어디인가요?,4,"4. 입시/학습 커뮤니티 (수만휘,  오르비 등)"
69,S1,Q10,A8. 이투스247학원 관련 정보를 가장 많이 얻은 곳은 어디인가요?,5,5. 가족
70,S1,Q10,A8. 이투스247학원 관련 정보를 가장 많이 얻은 곳은 어디인가요?,6,"6. 지인(친구, 선배 등)"
71,S1,Q10,A8. 이투스247학원 관련 정보를 가장 많이 얻은 곳은 어디인가요?,7,7. 학원 상담(방문 또는 전화)
72,S1,Q10,A8. 이투스247학원 관련 정보를 가장 많이 얻은 곳은 어디인가요?,8,8. 기타
73,S1,Q11,"A9. 이투스247학원에 등록 전, 결정에 도움이 되었던 홈페이지 콘텐츠는 무엇인가요?",1,1. 이투스247학원 소개 페이지
74,S1,Q11,"A9. 이투스247학원에 등록 전, 결정에 도움이 되었던 홈페이지 콘텐츠는 무엇인가요?",2,2. 스마트 관리 페이지
75,S1,Q11,"A9. 이투스247학원에 등록 전, 결정에 도움이 되었던 홈페이지 콘텐츠는 무엇인가요?",3,"3. 모집페이지(정규반, 프리반수반등)"
76,S1,Q11,"A9. 이투스247학원에 등록 전, 결정에 도움이 되었던 홈페이지 콘텐츠는 무엇인가요?",4,4. 대학합격후기 및 현황 페이지
77,S1,Q11,"A9. 이투스247학원에 등록 전, 결정에 도움이 되었던 홈페이지 콘텐츠는 무엇인가요?",5,5. 문의게시판(자주 묻는 질문)
78,S1,Q11,"A9. 이투스247학원에 등록 전, 결정에 도움이 되었던 홈페이지 콘텐츠는 무엇인가요?",6,6. 공지사항
79,S1,Q11,"A9. 이투스247학원에 등록 전, 결정에 도움이 되었던 홈페이지 콘텐츠는 무엇인가요?",7,7. 오늘의 247
80,S1,Q11,"A9. 이투스247학원에 등록 전, 결정에 도움이 되었던 홈페이지 콘텐츠는 무엇인가요?",8,8. 기타
81,S2,Q1,B1. 학습관리 만족도,1,1. 만족
82,S2,Q1,B1. 학습관리 만족도,2,2. 불만족
83,S2,Q2,B2. 학습관리 중 가장 만족하는 것은 무엇인가요?,1,1. 학습 성향 및 성취도 진단
84,S2,Q2,B2. 학습관리 중 가장 만족하는 것은 무엇인가요?,2,2. 학습 계획 플래너 관리
85,S2,Q2,B2. 학습관리 중 가장 만족하는 것은 무엇인가요?,3,3. 인강(교재)추천 및 수강 관리
86,S2,Q2,B2. 학습관리 중 가장 만족하는 것은 무엇인가요?,4,4. 성적 리포팅 및 관리
87,S2,Q2,B2. 학습관리 중 가장 만족하는 것은 무엇인가요?,5,5. 1:1 질의응답
88,S2,Q2,B2. 학습관리 중 가장 만족하는 것은 무엇인가요?,6,6. 기타
89,S2,Q3,"B3. 학습 진단 검사(LMTI-학습성향검사, LMAT-학습 성취도 검사, LMIP-인강 및 교재 추천) 만족도",1,1. 안내 받은 적 없음
90,S2,Q3,"B3. 학습 진단 검사(LMTI-학습성향검사, LMAT-학습 성취도 검사, LMIP-인강 및 교재 추천) 만족도",2,2. 필요하지 않아 진행 안 함
91,S2,Q3,"B3. 학습 진단 검사(LMTI-학습성향검사, LMAT-학습 성취도 검사, LMIP-인강 및 교재 추천) 만족도",3,3. 보통
92,S2,Q3,"B3. 학습 진단 검사(LMTI-학습성향검사, LMAT-학습 성취도 검사, LMIP-인강 및 교재 추천) 만족도",4,4. 만족
93,S2,Q3,"B3. 학습 진단 검사(LMTI-학습성향검사, LMAT-학습 성취도 검사, LMIP-인강 및 교재 추천) 만족도",5,5. 불만족
94,S2,Q4,B4. 생활관리 만족도,1,1. 만족
95,S2,Q4,B4. 생활관리 만족도,2,2. 불만족
96,S2,Q5,B5. 생활관리 중 가장 만족하는 것은 무엇인가요? ,1,1. 면학분위기 조성
97,S2,Q5,B5. 생활관리 중 가장 만족하는 것은 무엇인가요? ,2,2. 출결 및 외출 관리
98,S2,Q5,B5. 생활관리 중 가장 만족하는 것은 무엇인가요? ,3,3. 휴대폰 관리
99,S2,Q5,B5. 생활관리 중 가장 만족하는 것은 무엇인가요? ,4,4. 졸음관리
100,S2,Q5,B5. 생활관리 중 가장 만족하는 것은 무엇인가요? ,5,5. 체계적인 시간표 운영
101,S2,Q5,B5. 생활관리 중 가장 만족하는 것은 무엇인가요? ,6,6. 기타
102,S2,Q6,B6. 입시관리 만족도,1,1. 만족
103,S2,Q6,B6. 입시관리 만족도,2,2. 불만족
104,S2,Q7,B7. 입시관리 중 가장 만족하는 것은 무엇인가요?,1,1. 대학별 모집요강 분석 자료 제공 
105,S2,Q7,B7. 입시관리 중 가장 만족하는 것은 무엇인가요?,2,2. 대학별 입시 결과 자료 제공
106,S2,Q7,B7. 입시관리 중 가장 만족하는 것은 무엇인가요?,3,3. 성적&적성에 따른 대학 및 학과 추천
107,S2,Q7,B7. 입시관리 중 가장 만족하는 것은 무엇인가요?,4,4. 수시 지원을 위한 학생부 분석
108,S2,Q7,B7. 입시관리 중 가장 만족하는 것은 무엇인가요?,5,5. 정시 원서 접수를 위한 상담
109,S2,Q7,B7. 입시관리 중 가장 만족하는 것은 무엇인가요?,6,6. 기타
110,S2,Q8,B8. (학습/생활/입시)상담 만족도,1,1. 만족
111,S2,Q8,B8. (학습/생활/입시)상담 만족도,2,2. 불만족
112,S2,Q9,B9. 선생님과의 상담 중 가장 만족하는 것은 무엇인가요?,1,1. 성적/학습 방향 및 계획 관련 상담
113,S2,Q9,B9. 선생님과의 상담 중 가장 만족하는 것은 무엇인가요?,2,2. 생활 및 고민 상담 
114,S2,Q9,B9. 선생님과의 상담 중 가장 만족하는 것은 무엇인가요?,3,3. 입시 및 진학 상담
115,S2,Q9,B9. 선생님과의 상담 중 가장 만족하는 것은 무엇인가요?,4,4. 기타
116,S2,Q10,B10. 희망하는 (학습/생활/입시)상담 주기 및 횟수를 선택해주세요. ,1,1. 주 1~2회 진행
117,S2,Q10,B10. 희망하는 (학습/생활/입시)상담 주기 및 횟수를 선택해주세요. ,2,2. 2주 1회 진행
118,S2,Q10,B10. 희망하는 (학습/생활/입시)상담 주기 및 횟수를 선택해주세요. ,3,3. 3주 1회 진행
119,S2,Q10,B10. 희망하는 (학습/생활/입시)상담 주기 및 횟수를 선택해주세요. ,4,4. 한 달에 한 번 진행
120,S2,Q10,B10. 희망하는 (학습/생활/입시)상담 주기 및 횟수를 선택해주세요. ,5,5. 주기나 횟수에 상관 없이 수시로 진행
121,S2,Q10,B10. 희망하는 (학습/생활/입시)상담 주기 및 횟수를 선택해주세요. ,6,6. 상담 안 함
122,S3,Q1,C1. 입학 상담 시 안내 받은 내용이 실제 학원 이용과 일치하나요? 아닐 경우 이유도 함께 기재해 주세요.,1,1. 네
123,S3,Q1,C1. 입학 상담 시 안내 받은 내용이 실제 학원 이용과 일치하나요? 아닐 경우 이유도 함께 기재해 주세요.,2,"2. 아니오, 이유 : "
124,S3,Q2,C2. 학습 공간 및 시설에 만족하시나요?,1,1. 만족
125,S3,Q2,C2. 학습 공간 및 시설에 만족하시나요?,2,"2. 불만족, 이유 : "
126,S3,Q3,C3. 이투스247학원에 전반적으로 만족하시나요?,1,1. 만족 
127,S3,Q3,C3. 이투스247학원에 전반적으로 만족하시나요?,2,"2. 불만족, 이유 : "
128,S3,Q4,C4. 이투스247학원에서 가장 만족하는 것은 무엇인가요?,1,"1. 학습관리 (학습 성향 및 성취도 진단, 학습 계획 관리, 인강 및 교재 추천 등)"
129,S3,Q4,C4. 이투스247학원에서 가장 만족하는 것은 무엇인가요?,2,"2. 생활관리 (출결 및 전자기기의 관리,  면학분위기 관리)"
130,S3,Q4,C4. 이투스247학원에서 가장 만족하는 것은 무엇인가요?,3,"3. 입시 관리(모의고사 성적 관리, 수시/정시 컨설팅)"
131,S3,Q4,C4. 이투스247학원에서 가장 만족하는 것은 무엇인가요?,4,"4. 정기적 상담(학습, 생활, 입시)"
132,S3,Q4,C4. 이투스247학원에서 가장 만족하는 것은 무엇인가요?,5,5. 학습공간 및 시설
133,S3,Q4,C4. 이투스247학원에서 가장 만족하는 것은 무엇인가요?,6,6. 기타
134,S3,Q5,C5. 이투스247학원이 보강해야 할 것은 무엇인가요?,1,"1. 학습관리 (학습 성향 및 성취도 진단, 학습 계획 관리, 인강 및 교재 추천 등)"
135,S3,Q5,C5. 이투스247학원이 보강해야 할 것은 무엇인가요?,2,"2. 생활관리 (출결 및 전자기기의 관리,  면학분위기 관리)"
136,S3,Q5,C5. 이투스247학원이 보강해야 할 것은 무엇인가요?,3,"3. 입시 관리(모의고사 성적 관리, 수시/정시 컨설팅)"
137,S3,Q5,C5. 이투스247학원이 보강해야 할 것은 무엇인가요?,4,"4. 정기적 상담(학습, 생활, 입시)"
138,S3,Q5,C5. 이투스247학원이 보강해야 할 것은 무엇인가요?,5,5. 학습공간 및 시설
139,S3,Q5,C5. 이투스247학원이 보강해야 할 것은 무엇인가요?,6,6. 무료로 제공하는 학습 콘텐츠
140,S3,Q5,C5. 이투스247학원이 보강해야 할 것은 무엇인가요?,7,7. 기타
141,S3,Q6,C6. 위의 보강점을 선택한 이유에 대해 자유롭게 작성해 주세요.,1,-
142,S4,Q1,D1. 실모 콘텐츠를 구매한 적이 있나요?,1,1. 예
143,S4,Q1,D1. 실모 콘텐츠를 구매한 적이 있나요?,2,"2. 아니오, 이유"
144,S4,Q2,D2. 활용하는 실모 콘텐츠는 무엇인가요?,1,1. 이감
145,S4,Q2,D2. 활용하는 실모 콘텐츠는 무엇인가요?,2,2. 한수
146,S4,Q2,D2. 활용하는 실모 콘텐츠는 무엇인가요?,3,"3. 서바이벌(국,수,영,탐)"
147,S4,Q2,D2. 활용하는 실모 콘텐츠는 무엇인가요?,4,"4. 강대K(국,수,영,탐)"
148,S4,Q2,D2. 활용하는 실모 콘텐츠는 무엇인가요?,5,5. 바탕
149,S4,Q2,D2. 활용하는 실모 콘텐츠는 무엇인가요?,6,6. 상상
150,S4,Q2,D2. 활용하는 실모 콘텐츠는 무엇인가요?,7,7. 없음
151,S4,Q2,D2. 활용하는 실모 콘텐츠는 무엇인가요?,8,8. 기타
152,S4,Q3,D3. 위의 실모 콘텐츠를 선택한 주된 이유는 무엇인가요?,1,1. 콘텐츠의 완성도가 높다는 추천을 받아서
153,S4,Q3,D3. 위의 실모 콘텐츠를 선택한 주된 이유는 무엇인가요?,2,"2. 선배, 친구의 추천으로"
154,S4,Q3,D3. 위의 실모 콘텐츠를 선택한 주된 이유는 무엇인가요?,3,"3. 수능, 모의평가 적중률이 높아서"
155,S4,Q3,D3. 위의 실모 콘텐츠를 선택한 주된 이유는 무엇인가요?,4,4. 주변 학생들이 많이 사용해서
156,S4,Q3,D3. 위의 실모 콘텐츠를 선택한 주된 이유는 무엇인가요?,5,"5. 해당 콘텐츠를 활용하는 단과, 라이브 수업을 수강해서"
157,S4,Q3,D3. 위의 실모 콘텐츠를 선택한 주된 이유는 무엇인가요?,6,6. 선택한 인강 커리큘럼이 해당 콘텐츠와 연계되어 있어서
158,S4,Q3,D3. 위의 실모 콘텐츠를 선택한 주된 이유는 무엇인가요?,7,7. 활용하는 실모 콘텐츠 없음
159,S4,Q3,D3. 위의 실모 콘텐츠를 선택한 주된 이유는 무엇인가요?,8,8. 기타
160,S5,Q1,E1. 현재 이용중인 인강 사이트를 모두 선택해주세요.,1,1. 이투스
161,S5,Q1,E1. 현재 이용중인 인강 사이트를 모두 선택해주세요.,2,2. 메가스터디
162,S5,Q1,E1. 현재 이용중인 인강 사이트를 모두 선택해주세요.,3,3. 대성마이맥
163,S5,Q1,E1. 현재 이용중인 인강 사이트를 모두 선택해주세요.,4,4. EBSi
164,S5,Q1,E1. 현재 이용중인 인강 사이트를 모두 선택해주세요.,5,5. 인강 듣지 않음
165,S5,Q1,E1. 현재 이용중인 인강 사이트를 모두 선택해주세요.,6,6. 기타
166,S5,Q2,E2. 본인의 학습에 가장 큰 비중을 차지하는 '주력' 인강 사이트는 어디인가요?,1,1. 이투스
167,S5,Q2,E2. 본인의 학습에 가장 큰 비중을 차지하는 '주력' 인강 사이트는 어디인가요?,2,2. 메가스터디
168,S5,Q2,E2. 본인의 학습에 가장 큰 비중을 차지하는 '주력' 인강 사이트는 어디인가요?,3,3. 대성마이맥
169,S5,Q2,E2. 본인의 학습에 가장 큰 비중을 차지하는 '주력' 인강 사이트는 어디인가요?,4,4. EBSi
170,S5,Q2,E2. 본인의 학습에 가장 큰 비중을 차지하는 '주력' 인강 사이트는 어디인가요?,5,5. 인강 듣지 않음
171,S5,Q2,E2. 본인의 학습에 가장 큰 비중을 차지하는 '주력' 인강 사이트는 어디인가요?,6,6. 기타
172,S5,Q3,E3. '주력' 인강 사이트에 대해 얼마나 만족하시나요?,1,1. 매우 만족
173,S5,Q3,E3. '주력' 인강 사이트에 대해 얼마나 만족하시나요?,2,2. 만족
174,S5,Q3,E3. '주력' 인강 사이트에 대해 얼마나 만족하시나요?,3,3. 보통
175,S5,Q3,E3. '주력' 인강 사이트에 대해 얼마나 만족하시나요?,4,4. 불만족
176,S5,Q3,E3. '주력' 인강 사이트에 대해 얼마나 만족하시나요?,5,5. 매우 불만족
177,S5,Q3,E3. '주력' 인강 사이트에 대해 얼마나 만족하시나요?,6,6. 인강 듣지 않음
178,S5,Q4,E4. '주력' 인강 사이트를 '이투스'로 변경 할 의향이 있으신가요?,1,1. '주력' 인강 사이트가 이투스이다
179,S5,Q4,E4. '주력' 인강 사이트를 '이투스'로 변경 할 의향이 있으신가요?,2,2. 매우 그렇다
180,S5,Q4,E4. '주력' 인강 사이트를 '이투스'로 변경 할 의향이 있으신가요?,3,3. 그렇다
181,S5,Q4,E4. '주력' 인강 사이트를 '이투스'로 변경 할 의향이 있으신가요?,4,4. 보통
182,S5,Q4,E4. '주력' 인강 사이트를 '이투스'로 변경 할 의향이 있으신가요?,5,5. 아니다
183,S5,Q4,E4. '주력' 인강 사이트를 '이투스'로 변경 할 의향이 있으신가요?,6,6. 전혀 아니다
184,S5,Q4,E4. '주력' 인강 사이트를 '이투스'로 변경 할 의향이 있으신가요?,7,7. 인강 듣지 않음
185,S6,Q1,"F1. 인강 구독권(패스)을 구매할 때, 고려하는 주된 요소는 무엇인가요?",1,1. 선생님(학교 또는 학원)의 추천
186,S6,Q1,"F1. 인강 구독권(패스)을 구매할 때, 고려하는 주된 요소는 무엇인가요?",2,"2. 지인(친구, 선배, 부모님)의 추천"
187,S6,Q1,"F1. 인강 구독권(패스)을 구매할 때, 고려하는 주된 요소는 무엇인가요?",3,"3. 오르비, 수만휘, 포만한 등 커뮤니티 리뷰"
188,S6,Q1,"F1. 인강 구독권(패스)을 구매할 때, 고려하는 주된 요소는 무엇인가요?",4,4. 인강 사이트 수강평
189,S6,Q1,"F1. 인강 구독권(패스)을 구매할 때, 고려하는 주된 요소는 무엇인가요?",5,"5. SNS(인스타그램, 페이스북, 블로그, X 등)"
190,S6,Q1,"F1. 인강 구독권(패스)을 구매할 때, 고려하는 주된 요소는 무엇인가요?",6,6. 사이트 선호도
191,S6,Q1,"F1. 인강 구독권(패스)을 구매할 때, 고려하는 주된 요소는 무엇인가요?",7,7. 인강 구독권(패스) 구매하지 않음
192,S6,Q2,"F2. 인강을 선택할 때, 가장 결정적인 영향을 미치는 것은 무엇인가요?",1,1. 강사의 인지도와 명성
193,S6,Q2,"F2. 인강을 선택할 때, 가장 결정적인 영향을 미치는 것은 무엇인가요?",2,2. 맛보기 강의(OT)를 직접 들어보고 판단
194,S6,Q2,"F2. 인강을 선택할 때, 가장 결정적인 영향을 미치는 것은 무엇인가요?",3,3. 체계적인 연간 커리큘럼 구성
195,S6,Q2,"F2. 인강을 선택할 때, 가장 결정적인 영향을 미치는 것은 무엇인가요?",4,4. 교재의 퀄리티나 디자인이 마음에 들어서
196,S6,Q2,"F2. 인강을 선택할 때, 가장 결정적인 영향을 미치는 것은 무엇인가요?",5,"5. 친구, 선배, 선생님 추천"
197,S6,Q2,"F2. 인강을 선택할 때, 가장 결정적인 영향을 미치는 것은 무엇인가요?",6,6. 온라인 커뮤니티 추천
198,S6,Q2,"F2. 인강을 선택할 때, 가장 결정적인 영향을 미치는 것은 무엇인가요?",7,7. 인강 듣지 않음
199,S6,Q3,F3. 인강을 통해 학습하는 주된 이유는 무엇인가요?,1,1. 시간/장소 활용의 유연성
200,S6,Q3,F3. 인강을 통해 학습하는 주된 이유는 무엇인가요?,2,2. 학습 진도 조절 가능
201,S6,Q3,F3. 인강을 통해 학습하는 주된 이유는 무엇인가요?,3,3. 학습 수준에 맞는 강의 선택
202,S6,Q3,F3. 인강을 통해 학습하는 주된 이유는 무엇인가요?,4,4. 반복 수강을 통한 완벽한 이해
203,S6,Q3,F3. 인강을 통해 학습하는 주된 이유는 무엇인가요?,5,5. 합리적인 수강 비용
204,S6,Q3,F3. 인강을 통해 학습하는 주된 이유는 무엇인가요?,6,6. 유명 강사의 강의 선택 가능
205,S6,Q3,F3. 인강을 통해 학습하는 주된 이유는 무엇인가요?,7,7. 풍부한 학습자료
206,S6,Q3,F3. 인강을 통해 학습하는 주된 이유는 무엇인가요?,8,8. 인강 듣지 않음
207,S7,Q1,G1. 현재 본인이 수강하고 있는 <국어> 인강 강사는 누구인가요?,1,1. 이투스 김민정
208,S7,Q1,G1. 현재 본인이 수강하고 있는 <국어> 인강 강사는 누구인가요?,2,2. 이투스 박광일
209,S7,Q1,G1. 현재 본인이 수강하고 있는 <국어> 인강 강사는 누구인가요?,3,3. 메가스터디 강민철
210,S7,Q1,G1. 현재 본인이 수강하고 있는 <국어> 인강 강사는 누구인가요?,4,4. 메가스터디 김동욱
211,S7,Q1,G1. 현재 본인이 수강하고 있는 <국어> 인강 강사는 누구인가요?,5,5. 메가스터디 전형태
212,S7,Q1,G1. 현재 본인이 수강하고 있는 <국어> 인강 강사는 누구인가요?,6,6. 메가스터디 김상훈
213,S7,Q1,G1. 현재 본인이 수강하고 있는 <국어> 인강 강사는 누구인가요?,7,7. 대성마이맥 김승리
214,S7,Q1,G1. 현재 본인이 수강하고 있는 <국어> 인강 강사는 누구인가요?,8,8. 대성마이맥 유대종
215,S7,Q1,G1. 현재 본인이 수강하고 있는 <국어> 인강 강사는 누구인가요?,9,9. 오르비클래스 심찬우
216,S7,Q1,G1. 현재 본인이 수강하고 있는 <국어> 인강 강사는 누구인가요?,10,10. EBSi 윤혜정
217,S7,Q1,G1. 현재 본인이 수강하고 있는 <국어> 인강 강사는 누구인가요?,11,11. 인강 듣지 않음
218,S7,Q1,G1. 현재 본인이 수강하고 있는 <국어> 인강 강사는 누구인가요?,12,12. 보기에 언급되지 않은 강사(사이트/강사명)
219,S7,Q2,G2. 위 선생님을 선택한 이유는 무엇인가요?,1,1. 강의력(내용 이해 및 전달력)
220,S7,Q2,G2. 위 선생님을 선택한 이유는 무엇인가요?,2,2. 강사 콘텐츠
221,S7,Q2,G2. 위 선생님을 선택한 이유는 무엇인가요?,3,3. 강사 연간 커리큘럼 구성
222,S7,Q2,G2. 위 선생님을 선택한 이유는 무엇인가요?,4,"4. 수강생 소통능력(Q&A, 강사 SNS댓글 등)"
223,S7,Q2,G2. 위 선생님을 선택한 이유는 무엇인가요?,5,5. 수준별 강의 난이도
224,S7,Q2,G2. 위 선생님을 선택한 이유는 무엇인가요?,6,6. 외모 및 외적 매력
225,S7,Q2,G2. 위 선생님을 선택한 이유는 무엇인가요?,7,7. 강의 흥미도
226,S7,Q2,G2. 위 선생님을 선택한 이유는 무엇인가요?,8,8. 강의 수강평
227,S7,Q2,G2. 위 선생님을 선택한 이유는 무엇인가요?,9,9. 수능 적중력
228,S7,Q2,G2. 위 선생님을 선택한 이유는 무엇인가요?,10,10. 강사의 평판
229,S7,Q2,G2. 위 선생님을 선택한 이유는 무엇인가요?,11,11. 인강 듣지 않음
230,S7,Q3,G3. 현재 본인이 수강하고 있는 <수학> 인강 강사는 누구인가요?,1,1. 이투스 정승제
231,S7,Q3,G3. 현재 본인이 수강하고 있는 <수학> 인강 강사는 누구인가요?,2,2. 이투스 강윤구
232,S7,Q3,G3. 현재 본인이 수강하고 있는 <수학> 인강 강사는 누구인가요?,3,3. 이투스 김동환
233,S7,Q3,G3. 현재 본인이 수강하고 있는 <수학> 인강 강사는 누구인가요?,4,4. 메가스터디 현우진    
234,S7,Q3,G3. 현재 본인이 수강하고 있는 <수학> 인강 강사는 누구인가요?,5,5. 메가스터디 김기현    
235,S7,Q3,G3. 현재 본인이 수강하고 있는 <수학> 인강 강사는 누구인가요?,6,6. 메가스터디 김성은
236,S7,Q3,G3. 현재 본인이 수강하고 있는 <수학> 인강 강사는 누구인가요?,7,7. 메가스터디 양승진    
237,S7,Q3,G3. 현재 본인이 수강하고 있는 <수학> 인강 강사는 누구인가요?,8,8. 메가스터디 오르새    
238,S7,Q3,G3. 현재 본인이 수강하고 있는 <수학> 인강 강사는 누구인가요?,9,9. 대성마이맥 이미지
239,S7,Q3,G3. 현재 본인이 수강하고 있는 <수학> 인강 강사는 누구인가요?,10,10. 대성마이맥 김범준    
240,S7,Q3,G3. 현재 본인이 수강하고 있는 <수학> 인강 강사는 누구인가요?,11,11. 대성마이맥 한석원    
241,S7,Q3,G3. 현재 본인이 수강하고 있는 <수학> 인강 강사는 누구인가요?,12,12. 대성마이맥 정병호
242,S7,Q3,G3. 현재 본인이 수강하고 있는 <수학> 인강 강사는 누구인가요?,13,13. 인강 듣지 않음
243,S7,Q3,G3. 현재 본인이 수강하고 있는 <수학> 인강 강사는 누구인가요?,14,14. 보기에 언급되지 않은 강사(사이트/강사명)
244,S7,Q4,G4. 위 선생님을 선택한 이유는 무엇인가요?,1,1. 강의력(내용 이해 및 전달력)
245,S7,Q4,G4. 위 선생님을 선택한 이유는 무엇인가요?,2,2. 강사 콘텐츠
246,S7,Q4,G4. 위 선생님을 선택한 이유는 무엇인가요?,3,3. 강사 연간 커리큘럼 구성
247,S7,Q4,G4. 위 선생님을 선택한 이유는 무엇인가요?,4,"4. 수강생 소통능력(Q&A, 강사 SNS댓글 등)"
248,S7,Q4,G4. 위 선생님을 선택한 이유는 무엇인가요?,5,5. 수준별 강의 난이도
249,S7,Q4,G4. 위 선생님을 선택한 이유는 무엇인가요?,6,6. 외모 및 외적 매력
250,S7,Q4,G4. 위 선생님을 선택한 이유는 무엇인가요?,7,7. 강의 흥미도
251,S7,Q4,G4. 위 선생님을 선택한 이유는 무엇인가요?,8,8. 강의 수강평
252,S7,Q4,G4. 위 선생님을 선택한 이유는 무엇인가요?,9,9. 수능 적중력
253,S7,Q4,G4. 위 선생님을 선택한 이유는 무엇인가요?,10,10. 강사의 평판
254,S7,Q4,G4. 위 선생님을 선택한 이유는 무엇인가요?,11,11. 인강 듣지 않음
255,S7,Q5,G5. 현재 본인이 수강하고 있는 <영어> 인강 강사는 누구인가요?,1,1. 이투스 주혜연
256,S7,Q5,G5. 현재 본인이 수강하고 있는 <영어> 인강 강사는 누구인가요?,2,2. 이투스 김범구
257,S7,Q5,G5. 현재 본인이 수강하고 있는 <영어> 인강 강사는 누구인가요?,3,3. 이투스 오채은
258,S7,Q5,G5. 현재 본인이 수강하고 있는 <영어> 인강 강사는 누구인가요?,4,4. 메가스터디 조정식
259,S7,Q5,G5. 현재 본인이 수강하고 있는 <영어> 인강 강사는 누구인가요?,5,5. 메가스터디 김지영
260,S7,Q5,G5. 현재 본인이 수강하고 있는 <영어> 인강 강사는 누구인가요?,6,6. 메가스터디 김기철
261,S7,Q5,G5. 현재 본인이 수강하고 있는 <영어> 인강 강사는 누구인가요?,7,7. 대성마이맥 이명학
262,S7,Q5,G5. 현재 본인이 수강하고 있는 <영어> 인강 강사는 누구인가요?,8,8. 대성마이맥 션티 
263,S7,Q5,G5. 현재 본인이 수강하고 있는 <영어> 인강 강사는 누구인가요?,9,9. 강의 듣지 않음
264,S7,Q5,G5. 현재 본인이 수강하고 있는 <영어> 인강 강사는 누구인가요?,10,10. 보기에 언급되지 않은 강사(사이트/강사명)
265,S7,Q6,G6. 위 선생님을 선택한 이유는 무엇인가요?,1,1. 강의력(내용 이해 및 전달력)
266,S7,Q6,G6. 위 선생님을 선택한 이유는 무엇인가요?,2,2. 강사 콘텐츠
267,S7,Q6,G6. 위 선생님을 선택한 이유는 무엇인가요?,3,3. 강사 연간 커리큘럼 구성
268,S7,Q6,G6. 위 선생님을 선택한 이유는 무엇인가요?,4,"4. 수강생 소통능력(Q&A, 강사 SNS댓글 등)"
269,S7,Q6,G6. 위 선생님을 선택한 이유는 무엇인가요?,5,5. 수준별 강의 난이도
270,S7,Q6,G6. 위 선생님을 선택한 이유는 무엇인가요?,6,6. 외모 및 외적 매력
271,S7,Q6,G6. 위 선생님을 선택한 이유는 무엇인가요?,7,7. 강의 흥미도
272,S7,Q6,G6. 위 선생님을 선택한 이유는 무엇인가요?,8,8. 강의 수강평
273,S7,Q6,G6. 위 선생님을 선택한 이유는 무엇인가요?,9,9. 수능 적중력
274,S7,Q6,G6. 위 선생님을 선택한 이유는 무엇인가요?,10,10. 강사의 평판
275,S7,Q6,G6. 위 선생님을 선택한 이유는 무엇인가요?,11,11. 인강 듣지 않음
276,S7,Q7,G7. 현재 본인이 선택한 <탐구 첫 번째 과목>은 무엇인가요?,1,1. 생활과 윤리
277,S7,Q7,G7. 현재 본인이 선택한 <탐구 첫 번째 과목>은 무엇인가요?,2,2. 윤리와 사상
278,S7,Q7,G7. 현재 본인이 선택한 <탐구 첫 번째 과목>은 무엇인가요?,3,3. 한국지리
279,S7,Q7,G7. 현재 본인이 선택한 <탐구 첫 번째 과목>은 무엇인가요?,4,4. 세계지리
280,S7,Q7,G7. 현재 본인이 선택한 <탐구 첫 번째 과목>은 무엇인가요?,5,5. 동아시아사
281,S7,Q7,G7. 현재 본인이 선택한 <탐구 첫 번째 과목>은 무엇인가요?,6,6. 세계사
282,S7,Q7,G7. 현재 본인이 선택한 <탐구 첫 번째 과목>은 무엇인가요?,7,7. 정치와 법
283,S7,Q7,G7. 현재 본인이 선택한 <탐구 첫 번째 과목>은 무엇인가요?,8,8. 경제
284,S7,Q7,G7. 현재 본인이 선택한 <탐구 첫 번째 과목>은 무엇인가요?,9,9. 사회문화
285,S7,Q7,G7. 현재 본인이 선택한 <탐구 첫 번째 과목>은 무엇인가요?,10,10. 물리학Ⅰ
286,S7,Q7,G7. 현재 본인이 선택한 <탐구 첫 번째 과목>은 무엇인가요?,11,11. 화학Ⅰ
287,S7,Q7,G7. 현재 본인이 선택한 <탐구 첫 번째 과목>은 무엇인가요?,12,12. 생명과학Ⅰ
288,S7,Q7,G7. 현재 본인이 선택한 <탐구 첫 번째 과목>은 무엇인가요?,13,13. 지구과학Ⅰ
289,S7,Q7,G7. 현재 본인이 선택한 <탐구 첫 번째 과목>은 무엇인가요?,14,14. 물리학Ⅱ
290,S7,Q7,G7. 현재 본인이 선택한 <탐구 첫 번째 과목>은 무엇인가요?,15,15. 화학Ⅱ
291,S7,Q7,G7. 현재 본인이 선택한 <탐구 첫 번째 과목>은 무엇인가요?,16,16. 생명과학Ⅱ
292,S7,Q7,G7. 현재 본인이 선택한 <탐구 첫 번째 과목>은 무엇인가요?,17,17. 지구과학Ⅱ
293,S7,Q8,G8. 현재 본인이 수강하고 있는 <탐구 첫 번째 과목> 인강 사이트는 어디인가요?,1,1. 이투스
294,S7,Q8,G8. 현재 본인이 수강하고 있는 <탐구 첫 번째 과목> 인강 사이트는 어디인가요?,2,2. 메가스터디
295,S7,Q8,G8. 현재 본인이 수강하고 있는 <탐구 첫 번째 과목> 인강 사이트는 어디인가요?,3,3. 대성마이맥
296,S7,Q8,G8. 현재 본인이 수강하고 있는 <탐구 첫 번째 과목> 인강 사이트는 어디인가요?,4,4. EBSi
297,S7,Q8,G8. 현재 본인이 수강하고 있는 <탐구 첫 번째 과목> 인강 사이트는 어디인가요?,5,5. 인강 듣지 않음
298,S7,Q8,G8. 현재 본인이 수강하고 있는 <탐구 첫 번째 과목> 인강 사이트는 어디인가요?,6,6. 보기에 언급되지 않은 사이트
299,S7,Q9,G9. 현재 본인이 수강하고 있는 <탐구 첫 번째 과목> 인강 강사명을 작성해 주세요.,1,-
300,S7,Q10,G10. 위 선생님을 선택한 이유는 무엇인가요?,1,1. 강의력(내용 이해 및 전달력)
301,S7,Q10,G10. 위 선생님을 선택한 이유는 무엇인가요?,2,2. 강사 콘텐츠
302,S7,Q10,G10. 위 선생님을 선택한 이유는 무엇인가요?,3,3. 강사 연간 커리큘럼 구성
303,S7,Q10,G10. 위 선생님을 선택한 이유는 무엇인가요?,4,"4. 수강생 소통능력(Q&A, 강사 SNS댓글 등)"
304,S7,Q10,G10. 위 선생님을 선택한 이유는 무엇인가요?,5,5. 수준별 강의 난이도
305,S7,Q10,G10. 위 선생님을 선택한 이유는 무엇인가요?,6,6. 외모 및 외적 매력
306,S7,Q10,G10. 위 선생님을 선택한 이유는 무엇인가요?,7,7. 강의 흥미도
307,S7,Q10,G10. 위 선생님을 선택한 이유는 무엇인가요?,8,8. 강의 수강평
308,S7,Q10,G10. 위 선생님을 선택한 이유는 무엇인가요?,9,9. 수능 적중력
309,S7,Q10,G10. 위 선생님을 선택한 이유는 무엇인가요?,10,10. 강사의 평판
310,S7,Q10,G10. 위 선생님을 선택한 이유는 무엇인가요?,11,11. 인강 듣지 않음
311,S7,Q11,G11. 현재 본인이 선택한 <탐구 두 번째 과목>은 무엇인가요?,1,1. 생활과 윤리
312,S7,Q11,G11. 현재 본인이 선택한 <탐구 두 번째 과목>은 무엇인가요?,2,2. 윤리와 사상
313,S7,Q11,G11. 현재 본인이 선택한 <탐구 두 번째 과목>은 무엇인가요?,3,3. 한국지리
314,S7,Q11,G11. 현재 본인이 선택한 <탐구 두 번째 과목>은 무엇인가요?,4,4. 세계지리
315,S7,Q11,G11. 현재 본인이 선택한 <탐구 두 번째 과목>은 무엇인가요?,5,5. 동아시아사
316,S7,Q11,G11. 현재 본인이 선택한 <탐구 두 번째 과목>은 무엇인가요?,6,6. 세계사
317,S7,Q11,G11. 현재 본인이 선택한 <탐구 두 번째 과목>은 무엇인가요?,7,7. 정치와 법
318,S7,Q11,G11. 현재 본인이 선택한 <탐구 두 번째 과목>은 무엇인가요?,8,8. 경제
319,S7,Q11,G11. 현재 본인이 선택한 <탐구 두 번째 과목>은 무엇인가요?,9,9. 사회문화
320,S7,Q11,G11. 현재 본인이 선택한 <탐구 두 번째 과목>은 무엇인가요?,10,10. 물리학Ⅰ
321,S7,Q11,G11. 현재 본인이 선택한 <탐구 두 번째 과목>은 무엇인가요?,11,11. 화학Ⅰ
322,S7,Q11,G11. 현재 본인이 선택한 <탐구 두 번째 과목>은 무엇인가요?,12,12. 생명과학Ⅰ
323,S7,Q11,G11. 현재 본인이 선택한 <탐구 두 번째 과목>은 무엇인가요?,13,13. 지구과학Ⅰ
324,S7,Q11,G11. 현재 본인이 선택한 <탐구 두 번째 과목>은 무엇인가요?,14,14. 물리학Ⅱ
325,S7,Q11,G11. 현재 본인이 선택한 <탐구 두 번째 과목>은 무엇인가요?,15,15. 화학Ⅱ
326,S7,Q11,G11. 현재 본인이 선택한 <탐구 두 번째 과목>은 무엇인가요?,16,16. 생명과학Ⅱ
327,S7,Q11,G11. 현재 본인이 선택한 <탐구 두 번째 과목>은 무엇인가요?,17,17. 지구과학Ⅱ
328,S7,Q12,G12. 현재 본인이 수강하고 있는 <탐구 두 번째 과목> 인강 사이트는 어디인가요?,1,1. 이투스
329,S7,Q12,G12. 현재 본인이 수강하고 있는 <탐구 두 번째 과목> 인강 사이트는 어디인가요?,2,2. 메가스터디
330,S7,Q12,G12. 현재 본인이 수강하고 있는 <탐구 두 번째 과목> 인강 사이트는 어디인가요?,3,3. 대성마이맥
331,S7,Q12,G12. 현재 본인이 수강하고 있는 <탐구 두 번째 과목> 인강 사이트는 어디인가요?,4,4. EBSi
332,S7,Q12,G12. 현재 본인이 수강하고 있는 <탐구 두 번째 과목> 인강 사이트는 어디인가요?,5,5. 인강 듣지 않음
333,S7,Q12,G12. 현재 본인이 수강하고 있는 <탐구 두 번째 과목> 인강 사이트는 어디인가요?,6,6. 보기에 언급되지 않은 사이트
334,S7,Q13,G13. 현재 본인이 수강하고 있는 <탐구 두 번째 과목> 인강 강사명을 작성해 주세요.,1,-
335,S7,Q14,G14. 위 선생님을 선택한 이유는 무엇인가요?,1,1. 강의력(내용 이해 및 전달력)
336,S7,Q14,G14. 위 선생님을 선택한 이유는 무엇인가요?,2,2. 강사 콘텐츠
337,S7,Q14,G14. 위 선생님을 선택한 이유는 무엇인가요?,3,3. 강사 연간 커리큘럼 구성
338,S7,Q14,G14. 위 선생님을 선택한 이유는 무엇인가요?,4,"4. 수강생 소통능력(Q&A, 강사 SNS댓글 등)"
339,S7,Q14,G14. 위 선생님을 선택한 이유는 무엇인가요?,5,5. 수준별 강의 난이도
340,S7,Q14,G14. 위 선생님을 선택한 이유는 무엇인가요?,6,6. 외모 및 외적 매력
341,S7,Q14,G14. 위 선생님을 선택한 이유는 무엇인가요?,7,7. 강의 흥미도
342,S7,Q14,G14. 위 선생님을 선택한 이유는 무엇인가요?,8,8. 강의 수강평
343,S7,Q14,G14. 위 선생님을 선택한 이유는 무엇인가요?,9,9. 수능 적중력
344,S7,Q14,G14. 위 선생님을 선택한 이유는 무엇인가요?,10,10. 강사의 평판
345,S7,Q14,G14. 위 선생님을 선택한 이유는 무엇인가요?,11,11. 인강 듣지 않음
346,S7,Q15,G15. 이투스 인강 수강과 관련하여 개선되었으면 하는 점이 있다면 자유롭게 작성해 주세요.,1,-
